lim_attack,lim_normal,reject_rate,error_rate,fpr,fnr
0.5,0.5,0.003861380617820899,0.14124208631076102,0.027468130641109145,0.2550160419804129
0.5,0.52,0.0038799672874614325,0.1412353732503189,0.027468641828265156,0.25500210467237266
0.5,0.54,0.0039032006245121,0.14122517538347537,0.027469153034448104,0.25498119773250266
0.5,0.56,0.003940373963793167,0.14120090947692845,0.027469408644675012,0.2549324103091819
0.5,0.58,0.003958960633433701,0.1411869687786528,0.027469408644675012,0.2549045289126306
0.5,0.6,0.0039775473030742355,0.14118025365561107,0.02746991987940035,0.2548905874318218
0.5,0.62,0.004005427307535036,0.14115933986915574,0.02746991987940035,0.25484875985891114
0.5,0.64,0.004056540649046504,0.1411426768292305,0.027471453697758174,0.25481389996070286
0.5,0.66,0.024102263856362216,0.12969833097802716,0.0277532294154147,0.23164343254063963
0.5,0.68,0.024139437195643286,0.12968018989335228,0.027754012203491815,0.23160636758321274
0.5,0.7,0.024223077209025688,0.12964800124015066,0.027756360832690823,0.2315396416476105
0.5,0.72,0.02830285119512286,0.12673158631473067,0.027780914737436477,0.22568225789202484
0.5,0.74,0.04023084643693543,0.1177035993730049,0.027837501414507186,0.2075696973315026
0.5,0.76,0.040272666443626634,0.1176844124103087,0.027838551490003773,0.20753027333061363
0.5,0.78,0.040342366454778636,0.11763341456246564,0.027839076557460533,0.20742775256747073
0.5,0.8,0.04044459313780157,0.11756701811787691,0.027840389312761123,0.2072936469229927
0.5,0.82,0.04072803984981971,0.11734663409648464,0.027841702191873846,0.20685156600109544
0.5,0.84,0.052818668450986955,0.11523895465608931,0.02837806660001538,0.20209984271216325
0.5,0.86,0.05648953570499238,0.11264311849390767,0.02841631050017327,0.19686992648764207
0.5,0.88,0.0652020370989926,0.1082456283039141,0.028629896517277834,0.18786136009055035
0.5,0.9,0.0690912977212743,0.10530626140026797,0.028665481982113206,0.18194704081842272
0.5,0.92,0.07315248503773093,0.10389507224451333,0.028811524609843937,0.17897861987918273
0.5,0.94,0.07364038511579495,0.10348968182732224,0.028814055636896048,0.17816530801774844
0.5,0.96,0.07769227909743132,0.10209166783075728,0.02896275656371414,0.17522057909780042
0.5,0.98,0.07818017917549533,0.10182841193176903,0.02897469621719244,0.17468212764634564
0.5,1.0,0.1422670160960559,0.0586913191853647,0.030322951762675653,0.08705968660805374
0.52,0.5,0.0038799672874614325,0.14123542225428273,0.0274500316373246,0.25502081287124084
0.52,0.52,0.0038985539571019666,0.14122870894443607,0.027450542497161893,0.25500687539171024
0.52,0.54,0.003921787294152634,0.14121851078529432,0.027451053376014292,0.25498596819457436
0.52,0.56,0.003958960633433701,0.14119424449669826,0.02745130882257149,0.254937180170825
0.52,0.58,0.0039775473030742355,0.1411803036268271,0.02745130882257149,0.25490929843108273
0.52,0.6,0.003996133972714769,0.14117358825430132,0.027451819729948538,0.2548953567786541
0.52,0.62,0.0040240139771755695,0.14115267421036773,0.027451819729948538,0.2548535286907869
0.52,0.64,0.004075127318687037,0.1411360104647637,0.027453352566190498,0.25481866836333694
0.52,0.66,0.02412085052600275,0.12969142502485806,0.027734947914707982,0.23164790213500816
0.52,0.68,0.024158023865283818,0.12967328343992338,0.027735730201859703,0.23161083667798704
0.52,0.7,0.02424166387866622,0.12964109358546888,0.02773807732811795,0.23154410984281978
0.52,0.72,0.02832143786476339,0.12672463088514418,0.027762615520713733,0.22568664624957466
0.52,0.74,0.040249433106575964,0.11769649694909039,0.02781916599083382,0.20757382790734696
0.52,0.76,0.040291253113267166,0.11767730936093876,0.027820215394481224,0.20753440332739628
0.52,0.78,0.04036095312441917,0.1176263105920264,0.027820740125994944,0.20743188105805785
0.52,0.8,0.0404631798074421,0.11755991274196928,0.027822052041384125,0.20729777344255443
0.52,0.82,0.04074662651946024,0.11733952504862968,0.027823364080508554,0.2068556860167508
0.52,0.84,0.05283725512062749,0.11523163885758687,0.02835938551460268,0.20210389220057107
0.52,0.86,0.056508122374632916,0.11263575100758086,0.02839760497487534,0.19687389704028638
0.52,0.88,0.06522062376863313,0.10823812299511348,0.028611054535579543,0.18786519145464742
0.52,0.9,0.06910988439091484,0.10529869792864567,0.028646617271482534,0.1819507785858088
0.52,0.92,0.07317107170737147,0.10388743832277308,0.02879256663771143,0.17898231000783474
0.52,0.94,0.07365897178543548,0.10348204053272202,0.02879509604872716,0.17816898501671688
0.52,0.96,0.07771086576707185,0.10208395516367663,0.028943702046663133,0.17522420828069013
0.52,0.98,0.07819876584513587,0.10182069105907439,0.02895563407930899,0.1746857480388398
0.52,1.0,0.14228560276569643,0.058682356422994,0.030303030303030304,0.0870616825429577
0.54,0.5,0.0039124939593323665,0.1412323364196011,0.027431931959875682,0.2550327408793265
0.54,0.52,0.003931080628972901,0.14122562273171302,0.02743244249236954,0.2550188029710565
0.54,0.54,0.003954313966023568,0.14121542408730123,0.02743295304386667,0.2549978951307358
0.54,0.56,0.003991487305304636,0.1411911569663048,0.027433208326741794,0.2549491056058678
0.54,0.58,0.004010073974945169,0.14117721566743138,0.027433208326741794,0.254921223008121
0.54,0.6,0.004028660644585703,0.1411704999166876,0.027433718906745827,0.25490728092662934
0.54,0.62,0.004056540649046504,0.14114958522903817,0.027433718906745827,0.2548654515513305
0.54,0.64,0.004107653990557972,0.1411329204557701,0.027435250760797746,0.2548305901507425
0.54,0.66,0.024153377197873686,0.12968787130103007,0.027716665726481262,0.23165907687557888
0.54,0.68,0.024190550537154753,0.1296697288410968,0.027717447512669354,0.23162201016952425
0.54,0.7,0.024274190550537155,0.1296375371106151,0.02771979313587212,0.23155528108535808
0.54,0.72,0.028353964536634326,0.12672096675262473,0.027744315615118205,0.22569761789013126
0.54,0.74,0.040281959778446896,0.11769249247086913,0.02780082987551867,0.20758415506621958
0.54,0.76,0.0403237797851381,0.11767330382290751,0.027801878607265455,0.20754472903854956
0.54,0.78,0.0403934797962901,0.11762230300318166,0.02780240300281042,0.2074422030035529
0.54,0.8,0.04049570647931304,0.11755590226924413,0.027803714078223882,0.20730809046026438
0.54,0.82,0.04077915319133118,0.11733550602562896,0.027805025277295708,0.20686598677396223
0.54,0.84,0.05286978179249842,0.11522736017121243,0.028340703710824842,0.20211401663160003
0.54,0.86,0.05654064904650385,0.11263136142596657,0.02837889872930304,0.19688382412263009
0.54,0.88,0.06525315044050407,0.10823349118577133,0.028592211822898988,0.18787477054864368
0.54,0.9,0.06914241106278576,0.10529393775213008,0.028627751828078113,0.18196012367618206
0.54,0.92,0.07320359837924241,0.10388257196032356,0.028773607925430676,0.17899153599521644
0.54,0.94,0.07369149845730642,0.10347715694923004,0.028776135720281905,0.1781781781781782
0.54,0.96,0.0777433924389428,0.10207896433872873,0.02892464678178964,0.17523328189566784
0.54,0.98,0.0782312925170068,0.10181568543482969,0.028936571192995544,0.17469479967666385
0.54,1.0,0.1423181294375674,0.05867489040272457,0.03028310802481818,0.08706667278063096
0.56,0.5,0.003926433961562767,0.14123019713175433,0.027422881868515332,0.25503751239499334
0.56,0.52,0.003945020631203301,0.14122348327627524,0.027423392237328197,0.25502357431522227
0.56,0.54,0.003968253968253968,0.14121328442137895,0.027423902625138424,0.25500266621761947
0.56,0.56,0.004005427307535036,0.14118901695922656,0.027424157826167875,0.25495387609228526
0.56,0.58,0.0040240139771755695,0.1411750754887468,0.027424157826167875,0.25492599315132575
0.56,0.6,0.004042600646816104,0.14116835957033985,0.02742466824247613,0.25491205089820357
0.56,0.62,0.004070480651276904,0.141147444625196,0.02742466824247613,0.25487022100791584
0.56,0.64,0.004121593992788372,0.14113077939173216,0.027426199605405203,0.2548353591780591
0.56,0.66,0.024167317200104087,0.12968553572411448,0.027707524374535778,0.23166354707369316
0.56,0.68,0.024204490539385153,0.12966739288911683,0.027708305910227722,0.2316264798680059
0.56,0.7,0.024288130552767555,0.1296352003330327,0.027710650781859726,0.23155974988420566
0.56,0.72,0.028367904538864726,0.12671858612451695,0.02773516540398099,0.2257020068450529
0.56,0.74,0.0402958997806773,0.11768997388799111,0.0277916615584832,0.20758828621749903
0.56,0.76,0.0403377197873685,0.11767078478248784,0.027792709954260385,0.20754885961071529
0.56,0.78,0.0404074197985205,0.11761978312559948,0.027793234181811323,0.20744633206938765
0.56,0.8,0.04050964648154344,0.11755338119605459,0.02779454483721281,0.20731221755489637
0.56,0.82,0.04079309319356158,0.11733298149016798,0.027795855616234214,0.20687010736410175
0.56,0.84,0.05288372179472882,0.11522471461378854,0.028331362539536047,0.20211806668804103
0.56,0.86,0.05655458904873425,0.11262867028614358,0.028369545336401004,0.19688779523588615
0.56,0.88,0.06526709044273447,0.10823069632609789,0.028582790192427064,0.1878786024597687
0.56,0.9,0.06915635106501616,0.10529109040634593,0.028618318831572405,0.18196386198111947
0.56,0.92,0.07321753838147281,0.10387967747410784,0.02876412829172116,0.17899522665649453
0.56,0.94,0.07370543845953682,0.10347425549342276,0.02876665527844209,0.17818185570840342
0.56,0.96,0.0777573324411732,0.10207601523684526,0.0289151188689057,0.17523691160478483
0.56,0.98,0.0782452325192372,0.10181273003180862,0.028927039469163796,0.17469842059445342
0.56,1.0,0.1423320694397978,0.05867090780730798,0.030273146578733808,0.08706866903588215
0.58,0.5,0.012578528679231255,0.1431046542653667,0.026816141827594554,0.25939316670313883
0.58,0.52,0.01259711534887179,0.14309785733917849,0.026816641215687734,0.25937907346266925
0.58,0.54,0.012620348685922456,0.14308753660931234,0.02681714062238114,0.2593579325962435
0.58,0.56,0.012657522025203524,0.14306299477335888,0.02681739033270325,0.2593085992140145
0.58,0.58,0.012676108694844057,0.1430488980458705,0.02681739033270325,0.25928040575903777
0.58,0.6,0.012694695364484592,0.14304209899698628,0.026817889767298937,0.2592663082266736
0.58,0.62,0.012722575368945393,0.14302095108850485,0.026817889767298937,0.25922401240971077
0.58,0.64,0.01277368871045686,0.14300407519419533,0.02681938818270708,0.2591887622056836
0.58,0.66,0.03281941191777257,0.13142049865413127,0.02709466197527612,0.23574633533298642
0.58,0.68,0.03285658525705364,0.13140212098802181,0.02709542670592995,0.2357088152701137
0.58,0.7,0.032940225270436045,0.1313694955146827,0.02709772115692215,0.23564126987244322
0.58,0.72,0.037019999256533216,0.12841642517288768,0.02712170866764606,0.2297111416781293
0.58,0.74,0.04894799449834579,0.11927024417753217,0.02717699014834107,0.21136349820672326
0.58,0.76,0.048989814505036984,0.11925078090331453,0.027178016004831648,0.2113235458017974
0.58,0.78,0.049059514516188986,0.1191990897820206,0.027178528962119926,0.21121965060192127
0.58,0.8,0.04916174119921193,0.11913177888937647,0.027179811440058134,0.2110837463386948
0.58,0.82,0.049445187911230065,0.11890841216640784,0.02718109403903507,0.2106357302937806
0.58,0.84,0.061535816512397305,0.11676236541489274,0.027705094659073417,0.20581963617071206
0.58,0.86,0.06520668376640273,0.11413005398076083,0.027742457519361923,0.20051765044215974
0.58,0.88,0.07391918516040295,0.10966653378572323,0.02795112435338762,0.19138194321805885
0.58,0.9,0.07780844578268466,0.10668398903113974,0.027985890446899687,0.18538208761537978
0.58,0.92,0.08186963309914129,0.10524934464240883,0.028128571009991502,0.18237011827482616
0.58,0.94,0.0823575331772053,0.10483792321010016,0.02813104377893688,0.18154480264126344
0.58,0.96,0.08640942715884167,0.10341633769934135,0.028276322507167263,0.17855635289151542
0.58,0.98,0.08689732723690569,0.10314892523220248,0.028287987427561143,0.17800986303684382
0.58,1.0,0.15098416415746627,0.05925162789193385,0.029605263157894735,0.08889799262597296
0.6,0.5,0.013856362217017954,0.14329482106028577,0.026580486532801848,0.26000915558776966
0.6,0.52,0.013874948886658488,0.14328801114046313,0.026580981652230603,0.25999504062869566
0.6,0.54,0.013898182223709156,0.14327767198526323,0.02658147679010506,0.25997386718042137
0.6,0.56,0.013935355562990224,0.1432530910607197,0.026581724365959746,0.2599244577554797
0.6,0.58,0.013953942232630757,0.14323897260095808,0.026581724365959746,0.2598962208359564
0.6,0.6,0.01397252890227129,0.14323216054983415,0.02658221953150468,0.2598821015681636
0.6,0.62,0.014000408906732091,0.14321098003189753,0.02658221953150468,0.25983974053229036
0.6,0.64,0.01405152224824356,0.14319407055176817,0.02658370513883326,0.2598044359647031
0.6,0.66,0.034097245455559276,0.1315903573752883,0.026856626642074756,0.2363240881085018
0.6,0.68,0.03413441879484034,0.13157194468127933,0.026857384839787325,0.23628650452277133
0.6,0.7,0.03421805880822274,0.13153925221762408,0.02685965968980575,0.23621884474544239
0.6,0.72,0.03829783279431991,0.12858100133045272,0.026883442286317137,0.2302785603745883
0.6,0.74,0.050225828036132486,0.11941815729863518,0.02693825156211655,0.21189806303515382
0.6,0.76,0.05026764804282369,0.11939865269324251,0.026939268656434652,0.21185803673005038
0.6,0.78,0.05033734805397569,0.11934686326952237,0.026939777232395695,0.21175394930664906
0.6,0.8,0.05043957473699862,0.11927942112468652,0.026941048756312834,0.2116177934930602
0.6,0.82,0.05072302144901677,0.11905563387899187,0.026942320400264324,0.21116894735771943
0.6,0.84,0.06281365005018401,0.11690284815232645,0.02746184785328022,0.20634384845137269
0.6,0.86,0.06648451730418943,0.11426533451873382,0.027498891950744803,0.20103177708672282
0.6,0.88,0.07519701869818966,0.10979202337354786,0.027705778994476318,0.1918782677526194
0.6,0.9,0.07908627932047135,0.10680333873284271,0.027740248631941137,0.1858664288337443
0.6,0.92,0.083147466636928,0.10536503465852239,0.027881712761696348,0.18284835655534842
0.6,0.94,0.08363536671499201,0.10495276145899411,0.027884164452086916,0.1820213584659013
0.6,0.96,0.08768726069662838,0.10352749246432894,0.02802820497711783,0.17902677995154004
0.6,0.98,0.0881751607746924,0.10325946681588401,0.028039770494380258,0.17847916313738776
0.6,1.0,0.15226199769525298,0.05925183975656161,0.029345836675098196,0.08915784283802503
0.62,0.5,0.013893535556299023,0.14329896770739653,0.02657142058842704,0.260026514826366
0.62,0.52,0.013912122225939556,0.14329215739981865,0.02657191554359266,0.26001239925604464
0.62,0.54,0.013935355562990224,0.143281817703993,0.02657241051719802,0.259991224890788
0.62,0.56,0.01397252890227129,0.1432572356683091,0.026572658010915934,0.2599418133257023
0.62,0.58,0.013991115571911825,0.1432431165969147,0.026572658010915934,0.25991357518291347
0.62,0.6,0.014009702241552359,0.14323630415779087,0.026573153012182854,0.25989945530339886
0.62,0.62,0.01403758224601316,0.14321512272209364,0.026573153012182854,0.25985709243200444
0.62,0.64,0.014088695587524628,0.14319821223052495,0.026574638126641705,0.2598217863344082
0.62,0.66,0.03413441879484034,0.13159392009603932,0.026847469110824623,0.236340371081254
0.62,0.68,0.03417159213412141,0.13157550638219767,0.026848227057140708,0.23630278570725466
0.62,0.7,0.03425523214750381,0.13154281193142126,0.026850501152886924,0.23623512270995561
0.62,0.72,0.03833500613360098,0.12858441414062627,0.02687427586401786,0.23029455241723465
0.62,0.74,0.050263001375413556,0.11942109850477237,0.02692906696871018,0.21191313004083456
0.62,0.76,0.05030482138210476,0.11940159269032286,0.026930083725847407,0.2118731016547983
0.62,0.78,0.05037452139325676,0.11934980047591878,0.026930592133208732,0.21176900881862884
0.62,0.8,0.05047674807627969,0.11928235457864762,0.026931863235599523,0.21163284592169573
0.62,0.82,0.05076019478829783,0.11905855543498152,0.02693313445798601,0.21118397641197703
0.62,0.84,0.06285082338946507,0.11690555685556993,0.027452489776280974,0.20635862393485888
0.62,0.86,0.06652169064347051,0.11426789507814744,0.027489521607168665,0.20104626854912622
0.62,0.88,0.07523419203747073,0.1097942990086737,0.027696340161149403,0.19189225785619798
0.62,0.9,0.07912345265975243,0.10680543990958515,0.02773079839038899,0.1858800814287813
0.62,0.92,0.08318463997620906,0.10536702648206105,0.02787221570926143,0.18286183725486066
0.62,0.94,0.08367254005427308,0.10495472918249672,0.027874666588504265,0.18203479177648918
0.62,0.96,0.08772443403590945,0.10352935004898434,0.028018659464767986,0.1790400406332007
0.62,0.98,0.08821233411397346,0.10326130661612519,0.028030221156774705,0.17849239207547568
0.62,1.0,0.15229917103453403,0.05925051289108212,0.029335855963312184,0.08916516981885206
0.64,0.5,0.013912122225939556,0.14330392801022698,0.02657142058842704,0.2600364354320269
0.64,0.52,0.01393070889558009,0.1432971175279986,0.02657191554359266,0.2600223195124045
0.64,0.54,0.013953942232630757,0.14328677757016542,0.02657241051719802,0.26000114462313284
0.64,0.56,0.013991115571911825,0.14326219492298237,0.026572658010915934,0.25995173183504877
0.64,0.58,0.014009702241552359,0.14324807550206664,0.026572658010915934,0.2599234929932174
0.64,0.6,0.014028288911192892,0.14324126288815675,0.026573153012182854,0.2599093727641307
0.64,0.62,0.014056168915653693,0.14322008092799965,0.026573153012182854,0.25986700884381647
0.64,0.64,0.014107282257165161,0.14320316999926452,0.026574638126641705,0.25983170187188737
0.64,0.66,0.03415300546448088,0.13159857287770466,0.026847469110824623,0.23634967664458467
0.64,0.68,0.03419017880376194,0.13158015865289852,0.026848227057140708,0.23631209024865632
0.64,0.7,0.03427381881714434,0.13154746328207564,0.026850501152886924,0.23624442541126436
0.64,0.72,0.038353592803241514,0.1285889837943208,0.02687427586401786,0.23030369172462373
0.64,0.74,0.05028158804505409,0.1194254038445672,0.02692906696871018,0.21192174072042422
0.64,0.76,0.05032340805174529,0.11940589743552343,0.026930083725847407,0.21188171114519946
0.64,0.78,0.05039310806289729,0.11935410367450487,0.026930592133208732,0.21177761521580102
0.64,0.8,0.050495334745920224,0.11928665575327792,0.026931863235599523,0.21164144827095632
0.64,0.82,0.05077878145793837,0.1190628499307449,0.02693313445798601,0.21119256540350378
0.64,0.84,0.06286941005910561,0.11690977889732691,0.027452489776280974,0.20636706801837285
0.64,0.86,0.06654027731311103,0.11427203596501086,0.027489521607168665,0.20105455032285305
0.64,0.88,0.07525277870711126,0.10979829663911975,0.027696340161149403,0.19190025311709008
0.64,0.9,0.07914203932939295,0.10680934110129561,0.02773079839038899,0.18588788381220223
0.64,0.92,0.0832032266458496,0.10537087855674358,0.02787221570926143,0.18286954140422573
0.64,0.94,0.08369112672391361,0.10495856771636798,0.027874666588504265,0.1820424688442317
0.64,0.96,0.08774302070554998,0.10353313925619351,0.028018659464767986,0.17904761904761904
0.64,0.98,0.088230920783614,0.10326508675297993,0.028030221156774705,0.17849995234918517
0.64,1.0,0.15231775770417458,0.059252606584532526,0.029335855963312184,0.08916935720575286
0.66,0.5,0.013940002230400357,0.14330559586442343,0.026562354475179288,0.26004883725366756
0.66,0.52,0.01395858890004089,0.1432987850817386,0.026562849266075553,0.26003472089740165
0.66,0.54,0.013981822237091558,0.1432884447142455,0.026563344075405622,0.2600135453530854
0.66,0.56,0.014018995576372626,0.1432638612615885,0.026563591486983652,0.2599641310361933
0.66,0.58,0.01403758224601316,0.143249741403754,0.026563591486983652,0.2599358913205243
0.66,0.6,0.014056168915653693,0.1432429284892108,0.026564086323966358,0.25992177065445526
0.66,0.62,0.014084048920114493,0.14322174587345302,0.026564086323966358,0.2598794054229397
0.66,0.64,0.014135162261625962,0.14320483415179408,0.026565570945536854,0.2598440973580513
0.66,0.66,0.03418088546894168,0.1315998105182515,0.026838311407223384,0.23636130962927962
0.66,0.68,0.03421805880822274,0.1315813955290055,0.026839069102133385,0.23632372195587759
0.66,0.7,0.034301698821605144,0.1315486986309178,0.026841342443578595,0.236256054818257
0.66,0.72,0.038381472807702315,0.1285901130740107,0.02686510926902788,0.23031511687899353
0.66,0.74,0.05030946804951489,0.11942619362795595,0.026919882201917995,0.2119325050539939
0.66,0.76,0.05035128805620609,0.11940668630702954,0.026920898621861433,0.21189247399219766
0.66,0.78,0.05042098806735809,0.11935489052832798,0.026921406860616587,0.21178837419603938
0.66,0.8,0.050523214750381025,0.11928743986623863,0.02692267754146489,0.21165220219101238
0.66,0.82,0.05080666146239917,0.11906362548384737,0.026923948342270222,0.21120330262542453
0.66,0.84,0.06289729006356641,0.11691037780689886,0.0274431315191871,0.20637762409461063
0.66,0.86,0.06656815731757183,0.11427252729128785,0.027480151083018576,0.20106490349955713
0.66,0.88,0.07528065871157207,0.10979857463736478,0.027686901144560183,0.19191024813016938
0.66,0.9,0.07916991933385376,0.10680949283888368,0.027721347965124755,0.1858976377126426
0.66,0.92,0.0832311066503104,0.10537094548756694,0.02786271847126291,0.18287917250387098
0.66,0.94,0.08371900672837441,0.10495861731444314,0.027865168539325844,0.18205206608956043
0.66,0.96,0.08777090071001079,0.1035331033664048,0.028009113764927717,0.1790570929678819
0.66,0.98,0.0882588007880748,0.10326503761176445,0.028020671631526203,0.1785094035920027
0.66,1.0,0.15234563770863538,0.05925023351937858,0.029325875046271543,0.08917459199248562
0.68,0.5,0.014000408906732091,0.14332172100100488,0.026562354475179288,0.26008108752683046
0.68,0.52,0.014018995576372626,0.14331490965063887,0.026562849266075553,0.2600669700352022
0.68,0.54,0.014042228913423292,0.14330456843152078,0.026563344075405622,0.26004579278763595
0.68,0.56,0.01407940225270436,0.1432799829912569,0.026563591486983652,0.25999637449553015
0.68,0.58,0.014097988922344894,0.1432658619973441,0.026563591486983652,0.2599681325077045
0.68,0.6,0.014116575591985429,0.14325904851467908,0.026564086323966358,0.2599540107053918
0.68,0.62,0.01414445559644623,0.14323786419422524,0.026564086323966358,0.25991164206448414
0.68,0.64,0.014195568937957696,0.14322095105160731,0.026565570945536854,0.2598763311576778
0.68,0.66,0.03424129214527341,0.13161493607831756,0.026838311407223384,0.23639156074941176
0.68,0.68,0.03427846548455448,0.13159651942819334,0.026839069102133385,0.2363539697542533
0.68,0.7,0.03436210549793688,0.13156381953951593,0.026841342443578595,0.23628629663545328
0.68,0.72,0.038441879484034054,0.12860496842761737,0.02686510926902788,0.2303448275862069
0.68,0.74,0.05036987472584662,0.11944018982078343,0.026919882201917995,0.21196049743964887
0.68,0.76,0.05041169473253782,0.1194206805670906,0.026920898621861433,0.21192046251231977
0.68,0.78,0.050481394743689824,0.11936887976101984,0.026921406860616587,0.2118163526614231
0.68,0.8,0.050583621426712765,0.11930142251993205,0.02692267754146489,0.2116801674983992
0.68,0.82,0.0508670681387309,0.11907758642744784,0.026923948342270222,0.21123122451262547
0.68,0.84,0.06295769673989815,0.11692410323337468,0.0274431315191871,0.20640507494756227
0.68,0.86,0.06662856399390357,0.11428598891638697,0.027480151083018576,0.20109182674975537
0.68,0.88,0.07534106538790379,0.10981157059103303,0.027686901144560183,0.19193624003750587
0.68,0.9,0.0792303260101855,0.10682217530503604,0.027721347965124755,0.18592300264494732
0.68,0.92,0.08329151332664213,0.10538346829129704,0.02786271847126291,0.18290421811133117
0.68,0.94,0.08377941340470614,0.10497109610161129,0.027865168539325844,0.18207702366389675
0.68,0.96,0.08783130738634251,0.10354542180911655,0.028009113764927717,0.1790817298533054
0.68,0.98,0.08831920746440652,0.1032773265697427,0.028020671631526203,0.1785339815079592
0.68,1.0,0.1524060443849671,0.059257040180580256,0.029325875046271543,0.08918820531488897
0.7,0.5,0.01405152224824356,0.1433180464735611,0.026535155122151127,0.2601009378249711
0.7,0.52,0.014070108917884093,0.1433112345273982,0.026535649420202114,0.2600868196345943
0.7,0.54,0.01409334225493476,0.14330089253772355,0.026536143736669057,0.260065641338778
0.7,0.56,0.014130515594215829,0.14327630575098552,0.026536390901808832,0.2600162206001622
0.7,0.58,0.014149102263856362,0.14326218405788335,0.026536390901808832,0.2599879772139579
0.7,0.6,0.014167688933496896,0.14325536997912788,0.02653688524590164,0.2599738547123541
0.7,0.62,0.014195568937957696,0.14323418460953388,0.02653688524590164,0.2599314839731661
0.7,0.64,0.014246682279469165,0.14321726985301086,0.026538368388695343,0.2598961713173264
0.7,0.66,0.03429240548678488,0.1316105089673701,0.02681083726226438,0.23641018067247577
0.7,0.68,0.034329578826065944,0.13159209091791244,0.02681159420289855,0.23637258763292635
0.7,0.7,0.03441321883944835,0.1315593880571242,0.026813865281267942,0.23630491083298047
0.7,0.72,0.03849299282554552,0.1286003616782578,0.026837608447864956,0.23036311490865066
0.7,0.74,0.05042098806735809,0.11943502703000346,0.026892326861177446,0.21197772719882946
0.7,0.76,0.05046280807404929,0.11941551608092607,0.02689334226946204,0.2119376898923901
0.7,0.78,0.050532508085201294,0.11936371192774352,0.02689385000235994,0.2118335738531271
0.7,0.8,0.05063473476822423,0.11929625000513241,0.026895119418483906,0.21169738059178092
0.7,0.82,0.050918181480242374,0.11907239991836353,0.026896388954448902,0.21124841088227816
0.7,0.84,0.06300881008140961,0.11691851353871925,0.027415055667285727,0.20642197141015278
0.7,0.86,0.06667967733541504,0.11428021845743537,0.027452038427072393,0.20110839848779835
0.7,0.88,0.07539217872941527,0.10980541077615982,0.02765858299516533,0.19195223855715432
0.7,0.9,0.07928143935169696,0.10681580543090484,0.02769299558700597,0.1859386152748037
0.7,0.92,0.0833426266681536,0.10537692992335274,0.027834225643831333,0.18291963420287413
0.7,0.94,0.08383052674621762,0.10496452942541278,0.02783667327816155,0.182092385572664
0.7,0.96,0.08788242072785399,0.10353868496202454,0.02798047554040915,0.17909689438363993
0.7,0.98,0.088370320805918,0.10327056583671784,0.027992021929867654,0.17854910974356802
0.7,1.0,0.15245715772647858,0.0592462579368574,0.029295931063558493,0.08919658481015631
0.72,0.5,0.014102635589755028,0.14331437270126401,0.026507954249096532,0.2601207911534315
0.72,0.52,0.014121222259395562,0.14330756015925178,0.026508448054246382,0.26010667226425715
0.72,0.54,0.01414445559644623,0.14329721739895596,0.02650894187779434,0.26008549292011757
0.72,0.56,0.014181628935727296,0.14327262926564427,0.026509188796467926,0.26003606973482063
0.72,0.58,0.014200215605367831,0.14325850687330385,0.026509188796467926,0.2600078249501398
0.72,0.6,0.014218802275008364,0.1432516921984055,0.02650968264761497,0.259993701749196
0.72,0.62,0.014246682279469165,0.1432305057795979,0.02650968264761497,0.25995132891158085
0.72,0.64,0.014297795620980634,0.14321358940902476,0.02651116431146426,0.25991601450658525
0.72,0.66,0.034343518828296345,0.13160608254751147,0.026783361565970262,0.23642880352905266
0.72,0.68,0.034380692167577415,0.1315876630985884,0.026784117752242206,0.2363912084449346
0.72,0.7,0.03446433218095982,0.1315549572653997,0.02678638656727656,0.23632352796352285
0.72,0.72,0.03854410616705699,0.1285957556036676,0.02681010607231004,0.23038140513502517
0.72,0.74,0.05047210140886956,0.11942986485957849,0.0268647699597878,0.21199495975936916
0.72,0.76,0.05051392141556076,0.11941035221493616,0.026865784356297318,0.211954920073575
0.72,0.78,0.050583621426712765,0.11935854471429466,0.02686629158327984,0.2118507978453095
0.72,0.8,0.0506858481097357,0.11929107810967099,0.026867559734534162,0.2117145964848078
0.72,0.82,0.05096929482175384,0.11906721402716758,0.02686882800551349,0.21126560004882167
0.72,0.84,0.06305992342292108,0.11691292441681378,0.027386978194345542,0.206438870639282
0.72,0.86,0.06673079067692651,0.11427444855157677,0.02742392414577271,0.20112497295738083
0.72,0.88,0.07544329207092673,0.10979925147015081,0.027630263196217586,0.19196823974408403
0.72,0.9,0.07933255269320844,0.10680943604113216,0.02766464155528554,0.1859542305269788
0.72,0.92,0.08339374000966507,0.1053703920197299,0.027805731146131524,0.1829350528933283
0.72,0.94,0.08388164008772908,0.10495796321013488,0.027808176346439457,0.18210775007383032
0.72,0.96,0.08793353406936545,0.10353194855535802,0.027951835628277907,0.17911206148243813
0.72,0.98,0.08842143414742946,0.10326380554121324,0.027963370539223393,0.17856424054320308
0.72,1.0,0.15250827106799003,0.05923547555672703,0.029265985233325794,0.08920496588012826
0.74,0.5,0.014149102263856362,0.14332100836229916,0.026498886953605992,0.26014312977099235
0.74,0.52,0.014167688933496896,0.1433141953450278,0.026499380594443046,0.2601290100956125
0.74,0.54,0.014190922270547563,0.14330385191284692,0.02649987425367226,0.26010782957202155
0.74,0.56,0.014228095609828632,0.14327926236209407,0.026500121090184243,0.2600584036340039
0.74,0.58,0.014246682279469165,0.14326513918305211,0.026500121090184243,0.26003015727592
0.74,0.6,0.014265268949109698,0.1432583240325819,0.026500614777003613,0.2600160332881602
0.74,0.62,0.014293148953570499,0.14323713643332123,0.026500614777003613,0.25997365808963885
0.74,0.64,0.014344262295081968,0.14322021883226532,0.026502095947834186,0.25993834171669644
0.74,0.66,0.03438998550239768,0.1316119802029023,0.02677420265577504,0.23644975775002955
0.74,0.68,0.03442715884167875,0.13159355947806656,0.02677495859057371,0.23641216036555943
0.74,0.7,0.03451079885506115,0.1315608511966107,0.02677722665110544,0.23634447574211595
0.74,0.72,0.03859057284115832,0.12860146169000553,0.026800938268348517,0.23040198511166254
0.74,0.74,0.050518568082970894,0.11943496685924201,0.026855583979157424,0.21201434973932662
0.74,0.76,0.050560388089662095,0.1194154527074244,0.02685659803838275,0.21197430737646605
0.74,0.78,0.0506300881008141,0.119363641640763,0.0268571050967139,0.2118701781848121
0.74,0.8,0.05073231478383703,0.11929617026903859,0.026858372826312708,0.21173396771176448
0.74,0.82,0.051015761495855176,0.11907229094039484,0.026859640675597853,0.21128494120519184
0.74,0.84,0.06310639009702242,0.1169177521281103,0.0273776186764437,0.2064578855797769
0.74,0.86,0.06677725735102784,0.11427908742950212,0.027414552357458783,0.20114362250154544
0.74,0.88,0.07548975874502807,0.10980353358254398,0.027620822896642784,0.19198624426844518
0.74,0.9,0.07937901936730976,0.10681349533243774,0.027655189843886697,0.18597180082098877
0.74,0.92,0.08344020668376641,0.10537431731822706,0.027796232609035486,0.18295240202741864
0.74,0.94,0.08392810676183042,0.10496185761756245,0.027798676997938306,0.1821250382371866
0.74,0.96,0.08798000074346679,0.10353570807768267,0.027942288615850006,0.17912912753951535
0.74,0.98,0.0884679008215308,0.10326754272936808,0.02795381970031933,0.17858126575841685
0.74,1.0,0.15255473774209138,0.05923519967299447,0.029256002879325414,0.08921439646666353
0.76,0.5,0.016504962640794024,0.14373916811273718,0.026163278236401244,0.2613150579890731
0.76,0.52,0.016523549310434555,0.1437323314818806,0.026163765793298797,0.2613008971704624
0.76,0.54,0.016546782647485225,0.1437219541464414,0.026164253368368088,0.2612796549245147
0.76,0.56,0.01658395598676629,0.14369729104766368,0.026164497162717456,0.2612300849326099
0.76,0.58,0.016602542656406826,0.14368312669934866,0.026164497162717456,0.26120175623597985
0.76,0.6,0.016621129326047358,0.14367628791899065,0.026164984765046265,0.26118759107293504
0.76,0.62,0.01664900933050816,0.1436550385447765,0.026164984765046265,0.2611450923245067
0.76,0.64,0.01670012267201963,0.14363806032341292,0.02616644768108244,0.2611096729657434
0.76,0.66,0.03674584587933534,0.13199221058099672,0.02643520174728399,0.23754921941470944
0.76,0.68,0.03678301921861641,0.13197372497938997,0.02643594837081878,0.23751150158796117
0.76,0.7,0.03686665923199881,0.13194089429474068,0.026438188494492042,0.23744360009498933
0.76,0.72,0.04094643321809598,0.1289717294346383,0.02646160805156621,0.23148185081771042
0.76,0.74,0.05287442845990856,0.1197737355938946,0.02651558073654391,0.2130318904512453
0.76,0.76,0.05291624846659976,0.11975414508112028,0.026516582307169297,0.21299170785507127
0.76,0.78,0.05298594847775176,0.11970214850959647,0.026517083120856707,0.21288721389833623
0.76,0.8,0.053088175160774694,0.11963443065853599,0.026518335237843402,0.21275052607922856
0.76,0.82,0.05337162187279283,0.119409755918925,0.026519587473083753,0.21229992436476625
0.76,0.84,0.06546225047396008,0.11724348467451369,0.027031189834424336,0.20745577951460303
0.76,0.86,0.0691331177279655,0.11459502104469164,0.02706766917293233,0.20212237291645097
0.76,0.88,0.07784561912196572,0.11010129994393837,0.027271402903899383,0.19293119698397737
0.76,0.9,0.08173487974424742,0.10709967251967127,0.027305347297179032,0.1868939977421635
0.76,0.92,0.08579606706070406,0.10565383219740579,0.027444656208767043,0.18386300818604454
0.76,0.94,0.08628396713876807,0.10523975971547898,0.02744707055304674,0.18303244887791123
0.76,0.96,0.09033586112040444,0.10380690716639018,0.027588917272548634,0.18002489706023173
0.76,0.98,0.09082376119846845,0.1035376006328523,0.027600306670074112,0.1794748945956305
0.76,1.0,0.15491059811902902,0.05929809021755744,0.028886511398238827,0.08970966903687605
0.78,0.5,0.017466822794691646,0.14381927197722608,0.025881914348292092,0.2617566296061601
0.78,0.52,0.01748540946433218,0.14381242506935618,0.02588239680128247,0.2617424533374299
0.78,0.54,0.017508642801382847,0.14380203359286484,0.025882879272259556,0.2617211879134701
0.78,0.56,0.017545816140663917,0.14377734217040375,0.02588312051449343,0.26167156382631407
0.78,0.58,0.01756440281030445,0.14376316236214598,0.02588312051449343,0.26164320420979853
0.78,0.6,0.017582989479944983,0.14375631329849786,0.025883603012452464,0.26162902358454326
0.78,0.62,0.017610869484405784,0.14373504072643176,0.025883603012452464,0.26158647844041105
0.78,0.64,0.01766198282591725,0.1437180355112161,0.025885050614268938,0.26155102040816325
0.78,0.66,0.037707706033232966,0.13205728034571787,0.026150992080308123,0.23796356861112763
0.78,0.68,0.037744879372514036,0.13203876820841265,0.026151730892379554,0.23792580552444573
0.78,0.7,0.03782851938589644,0.13200588505748476,0.026153947579088142,0.23785782253588136
0.78,0.72,0.04190829337199361,0.12903297886501003,0.026177122119055474,0.2318888356109646
0.78,0.74,0.053836288613806176,0.11982298761690424,0.0262305301835287,0.2134154450502798
0.78,0.76,0.05387810862049738,0.11980336550002964,0.026231521277098192,0.2133752097229611
0.78,0.78,0.05394780863164938,0.11975129772869082,0.026232016851969055,0.2132705786054126
0.78,0.8,0.05405003531467232,0.1196834835813743,0.02623325587107257,0.21313371129167605
0.78,0.82,0.05433348202669046,0.11945850613030556,0.026234495007227004,0.21268251725338413
0.78,0.84,0.0664241106278577,0.11728634725973557,0.026740748586890583,0.20783194593258056
0.78,0.86,0.07009497788186313,0.11463409309296531,0.026776846753897927,0.20249133943203268
0.78,0.88,0.07880747927586335,0.11013295105726242,0.026978452212097073,0.19328744990242777
0.78,0.9,0.08269673989814505,0.10712686561359588,0.027012042098710193,0.18724168912848158
0.78,0.92,0.08675792721460168,0.10567811731338417,0.02714989636697822,0.18420633825979013
0.78,0.94,0.0872458272926657,0.10526343100498266,0.02715228550476656,0.18337457650519876
0.78,0.96,0.09129772127430207,0.10382764778222113,0.02729265152483071,0.18036264403961155
0.78,0.98,0.09178562135236608,0.10355787901821534,0.02730392205059632,0.17981183598583436
0.78,1.0,0.15587245827292665,0.05923663586842273,0.02857672082900275,0.08989655090784272
0.8,0.5,0.017545816140663917,0.14383484093951776,0.025872835386880906,0.2617968464921546
0.8,0.52,0.01756440281030445,0.14382799324641474,0.025873317675129553,0.2617826688176999
0.8,0.54,0.017587636147355118,0.1438176006331271,0.025873799981358934,0.2617614012848953
0.8,0.56,0.017624809486636184,0.14379290670855663,0.025874041141216712,0.26171177227589654
0.8,0.58,0.01764339615627672,0.14377872549367937,0.025874041141216712,0.261683409846142
0.8,0.6,0.01766198282591725,0.1437718756442399,0.02587452347441908,0.2616692278140607
0.8,0.62,0.01768986283037805,0.14375060096152137,0.02587452347441908,0.26162667844862364
0.8,0.64,0.017740976171889522,0.14373359373980213,0.025875970581929697,0.26159121689767456
0.8,0.66,0.03778669937920524,0.13207156483564098,0.026141821263772482,0.23800130840750947
0.8,0.68,0.0378238727184863,0.13205305051285876,0.026142559823707234,0.2379635412020103
0.8,0.7,0.0379075127318687,0.13202016327548619,0.02614477575392266,0.23789555079704972
0.8,0.72,0.04198728671796587,0.1290469237943503,0.02616794238527959,0.231925905203421
0.8,0.74,0.05391528195977845,0.1198358571865222,0.02622133222503495,0.21345038214800946
0.8,0.76,0.05395710196646965,0.11981623250073242,0.026222322980427717,0.2134101420210371
0.8,0.78,0.05402680197762165,0.11976415840256842,0.026222818386200903,0.21330549841893592
0.8,0.8,0.05412902866064458,0.11969633587494342,0.02622405698253304,0.2131686147673538
0.8,0.82,0.05441247537266273,0.11947133125534908,0.02622529569587726,0.2127173668148209
0.8,0.84,0.06650310397382997,0.11729879358118574,0.026731376627378477,0.207866210534993
0.8,0.86,0.07017397122783539,0.11464620557061331,0.026767462490839666,0.20252494865038695
0.8,0.88,0.07888647262183562,0.11014445051685992,0.026968999251940583,0.19331990178177927
0.8,0.9,0.08277573324411731,0.10713796964579732,0.02700257769563737,0.18727336159595726
0.8,0.92,0.08683692056057396,0.10568899934318685,0.02714038501021675,0.18423761367615693
0.8,0.94,0.08732482063863797,0.10527425789226542,0.027142773334376282,0.18340574245015456
0.8,0.96,0.09137671462027434,0.1038382513610906,0.027283091559539254,0.18039341116264193
0.8,0.98,0.09186461469833836,0.10356844400699965,0.02729435824828427,0.17984252976571502
0.8,1.0,0.15595145161889892,0.059240151539715985,0.02856672429406438,0.08991357878536758
0.82,0.5,0.01760622281699565,0.14383958986349923,0.025854676956343435,0.26182450277065505
0.82,0.52,0.017624809486636184,0.1438327415223709,0.025855158915089944,0.2618103241296519
0.82,0.54,0.01764804282368685,0.1438223480193261,0.025855640891805233,0.26178905514684697
0.82,0.56,0.01768521616296792,0.14379765232029365,0.025855881886901487,0.26173942275368584
0.82,0.58,0.017703802832608452,0.14378347013825243,0.025855881886901487,0.2617110583896034
0.82,0.6,0.017722389502248987,0.14377661964039393,0.025856363890571842,0.261696875390216
0.82,0.62,0.017750269506709788,0.1437553435064321,0.025856363890571842,0.26165432312229236
0.82,0.64,0.017801382848221255,0.14373833458068386,0.025857810009414704,0.261618859151953
0.82,0.66,0.03784710605553697,0.13207537028736158,0.02612347911251742,0.2380272614622057
0.82,0.68,0.03788427939481804,0.13205685429637792,0.026124217168149926,0.23798949142460593
0.82,0.7,0.03796791940820044,0.13202396375271003,0.026126431585292344,0.2379214959201277
0.82,0.72,0.04204769339429761,0.12905048991125273,0.026149582398521897,0.23195139742398355
0.82,0.74,0.05397568863611018,0.11983867191277582,0.026202935786749287,0.21347440803880235
0.82,0.76,0.05401750864280138,0.11981904523862287,0.02620392586574975,0.213434164611496
0.82,0.78,0.05408720865395338,0.11976696667904199,0.02620442093330814,0.21332951242477585
0.82,0.8,0.05418943533697632,0.11969913811151192,0.026205658684048935,0.21319261753897492
0.82,0.82,0.05447288204899446,0.1194741145328396,0.02620689655172414,0.21274133251395505
0.82,0.84,0.06656351065016171,0.11730120308529651,0.02671263216686247,0.20788977400373054
0.82,0.86,0.07023437790416713,0.11464837744117946,0.026748693421788518,0.20254806146057042
0.82,0.88,0.07894687929816735,0.11014615577563093,0.026950092780600596,0.19334221877066127
0.82,0.9,0.08283613992044905,0.1071393954853521,0.026983648337110786,0.18729514263359343
0.82,0.92,0.08689732723690569,0.10569024171244909,0.027121361738739354,0.18425912168615882
0.82,0.94,0.0873852273149697,0.10527546180940081,0.02712374843554443,0.18342717518325719
0.82,0.96,0.09143712129660607,0.10383927035730436,0.02726397106520158,0.18041456964940714
0.82,0.98,0.09192502137467008,0.10356943394903907,0.027275230079446235,0.1798636378186319
0.82,1.0,0.15601185829523065,0.05923600990026285,0.028546730606952477,0.08992528919357322
0.84,0.5,0.017796736180811124,0.1437751863800848,0.025673055410545157,0.26187731734962444
0.84,0.52,0.017815322850451655,0.1437683354680185,0.02567353407290016,0.26186313686313684
0.84,0.54,0.017838556187502325,0.1437579389324354,0.025674012753104374,0.26184186511176644
0.84,0.56,0.01787572952678339,0.14373323917846859,0.02567425209990025,0.2617922262570369
0.84,0.58,0.017894316196423926,0.1437190551497676,0.02567425209990025,0.26176385819963494
0.84,0.6,0.017912902866064458,0.1437122020800983,0.025674730806880156,0.26174967335331645
0.84,0.62,0.01794078287052526,0.14369092317519697,0.025674730806880156,0.2617071155435138
0.84,0.64,0.01799189621203673,0.14367390699431595,0.02567616703493413,0.26167164695369777
0.84,0.66,0.03803761941935244,0.1320084217576412,0.025940019591590688,0.23807682392369167
0.84,0.68,0.038074792758633506,0.13198990054024995,0.025940752602081667,0.23803904847841822
0.84,0.7,0.03815843277201591,0.13195699755947327,0.025942951882135724,0.2379710432368108
0.84,0.72,0.04223820675811308,0.12898301220140615,0.02596594444758726,0.23200007995522506
0.84,0.74,0.05416620199992565,0.11976961191897556,0.02601893316705402,0.2135202906708971
0.84,0.76,0.054208022006616854,0.11974997871046929,0.026019916479280435,0.21348004094165815
0.84,0.78,0.054277722017768856,0.11969789026300787,0.026020408163265306,0.21337537236275042
0.84,0.8,0.05437994870079179,0.11963004673995994,0.026021637454528276,0.21323845602539163
0.84,0.82,0.054663395412809936,0.11940498353649186,0.026022866861948407,0.2127871002110353
0.84,0.84,0.06675402401397718,0.11722996074454582,0.026525147843507405,0.20793477364558424
0.84,0.86,0.0704248912679826,0.11457658173795224,0.026560962907239163,0.2025922005686653
0.84,0.88,0.07913739266198283,0.11007291294595868,0.026760987649522405,0.19338483824239497
0.84,0.9,0.08302665328426452,0.10706552646078119,0.026794314234844283,0.18733673868671807
0.84,0.92,0.08708784060072117,0.10561564223916825,0.026931088098101914,0.1843001963802346
0.84,0.94,0.08757574067878518,0.10520078232325489,0.02693345851425889,0.1834681061322509
0.84,0.96,0.09162763466042155,0.10376385084016516,0.02707272477046183,0.1804549769098685
0.84,0.98,0.09211553473848556,0.1034939278893487,0.027083907006018645,0.17990394877267876
0.84,1.0,0.15620237165904613,0.05914720118055441,0.028346748461205922,0.08994765389990289
0.86,0.5,0.018279989591465002,0.14381328845461783,0.02552770940553442,0.26209886750370126
0.86,0.52,0.018298576261105533,0.1438064323545462,0.025528185428981668,0.26208467928011075
0.86,0.54,0.018321809598156203,0.143796028695923,0.025528661470182373,0.2620633959216636
0.86,0.56,0.01835898293743727,0.14377131473727864,0.025528899497440583,0.2620137299771167
0.86,0.58,0.018377569607077805,0.14375712296654303,0.025528899497440583,0.26198534643564547
0.86,0.6,0.018396156276718336,0.1437502647057136,0.025529375565273335,0.2619711538461538
0.86,0.62,0.018424036281179137,0.1437289741837752,0.025529375565273335,0.26192857280227705
0.86,0.64,0.018475149622690607,0.14371194436041185,0.02553080387531121,0.2618930848455125
0.86,0.66,0.03852087283000632,0.13203897055032188,0.025793202200617982,0.2382847389000258
0.86,0.68,0.03855804616928739,0.1320204359764397,0.02579393117222018,0.2382469407806592
0.86,0.7,0.03864168618266979,0.1319875065230215,0.025796118334275486,0.2381788947117675
0.86,0.72,0.04272146016876696,0.1290116447960592,0.025818984214397527,0.23220430537772088
0.86,0.74,0.054649455410579535,0.11979222821826552,0.025871680997826704,0.21371277543870432
0.86,0.76,0.054691275417270736,0.11977257908788735,0.025872658892899667,0.21367249928287504
0.86,0.78,0.05476097542842274,0.11972045491646634,0.02587314786815845,0.21356776196477423
0.86,0.8,0.05486320211144567,0.1196525630296616,0.025874370387170546,0.21343075567215264
0.86,0.82,0.05514664882346381,0.11942734801507293,0.025875593021717352,0.2129791030084285
0.86,0.84,0.06723727742463105,0.11724933199999148,0.02637510837106252,0.20812355562892043
0.86,0.86,0.07090814467863649,0.11459405009904149,0.026410726343204398,0.20277737385487857
0.86,0.88,0.0796206460726367,0.11008664463534812,0.02660965061470431,0.19356363865599194
0.86,0.9,0.08350990669491841,0.10707702048437076,0.02664279389298121,0.1875112470757603
0.86,0.92,0.08757109401137504,0.10562566691928367,0.0267788155900044,0.18447251824856295
0.86,0.94,0.08805899408943905,0.10521049905889236,0.02678117297233851,0.18363982514544622
0.86,0.96,0.09211088807107543,0.10377208659071589,0.02691967358175204,0.18062449959967974
0.86,0.98,0.09259878814913944,0.10350193095283983,0.02693079435023803,0.1800730675554416
0.86,1.0,0.15668562506970002,0.05911409861437665,0.0281867034528197,0.09004149377593361
0.88,0.5,0.01840080294412847,0.14382864333249926,0.025500452201803213,0.2621568344631953
0.88,0.52,0.018419389613769006,0.1438217859733576,0.025500927730277574,0.2621426442164376
0.88,0.54,0.018442622950819672,0.14381138054967751,0.025501403276487426,0.2621213578228676
0.88,0.56,0.01847979629010074,0.14378666292543668,0.025501641056243474,0.2620716847946299
0.88,0.58,0.018498382959741273,0.14377246913024333,0.025501641056243474,0.2620432972042432
0.88,0.6,0.01851696962938181,0.14376560960952714,0.025502116629058425,0.26202910258999584
0.88,0.62,0.01854484963384261,0.14374431604985927,0.025502116629058425,0.2619865154706601
0.88,0.64,0.018595962975354076,0.14372728295179105,0.025503543453935098,0.261951022449647
0.88,0.66,0.03864168618266979,0.13205240460041306,0.02576566901242593,0.2383391401884002
0.88,0.68,0.038678859521950854,0.13203386668287684,0.025766397226461665,0.23830133613929202
0.88,0.7,0.038762499535333256,0.1320009307543955,0.025768582115567616,0.2382332793932234
0.88,0.72,0.04284227352143043,0.12902458299576625,0.02579142423356563,0.23225774175796687
0.88,0.74,0.054770268763243,0.11980360371789746,0.02584406625908322,0.2137631411767117
0.88,0.76,0.0548120887699342,0.11978395062353918,0.025845043138070175,0.21372285810900818
0.88,0.78,0.0548817887810862,0.11973181720871243,0.025845531605257935,0.21361810281216692
0.88,0.8,0.054984015464109144,0.1196639129228694,0.025846752854010734,0.21348107299172808
0.88,0.82,0.05526746217612728,0.11943865845253658,0.025847974218181476,0.2130293426868917
0.88,0.84,0.06735809077729453,0.11725996185642892,0.026346970820850232,0.20817295289200763
0.88,0.86,0.07102895803129995,0.11460418952717324,0.026382551824592204,0.20282582722975429
0.88,0.88,0.07974145942530017,0.11009584738836328,0.026581269680830386,0.19361042509589618
0.88,0.9,0.08363072004758187,0.10708564470175307,0.026614378576155073,0.18755691082735107
0.88,0.92,0.08769190736403851,0.10563393461925397,0.026750259188983,0.18451761004952494
0.88,0.94,0.08817980744210252,0.10521868668837543,0.02675261412655405,0.1836847592501968
0.88,0.96,0.09223170142373889,0.10377991515186429,0.026890971122931557,0.180668859180797
0.88,0.98,0.0927196015018029,0.1035097009210308,0.026902080361973148,0.18011732148008847
0.88,1.0,0.15680643842236347,0.059111370767630594,0.02815668914397488,0.0900660523912863
0.9,0.5,0.01854949630125274,0.14383996774940377,0.025455020140235714,0.26222491535857184
0.9,0.52,0.018568082970893275,0.14383310878995484,0.025455494843630532,0.26221072273627916
0.9,0.54,0.01859131630794394,0.14382270117185017,0.025455969564730892,0.26218943277896944
0.9,0.56,0.01862848964722501,0.14379797918260984,0.025456206931920966,0.2621397514332987
0.9,0.58,0.018647076316865543,0.1437837830103656,0.025456206931920966,0.2621113590888102
0.9,0.6,0.018665662986506078,0.1437769218883718,0.025456681679581504,0.2620971620971621
0.9,0.62,0.01869354299096688,0.14375562476190265,0.025456681679581504,0.2620545678442238
0.9,0.64,0.018744656332478345,0.14373858745287632,0.02545810602881522,0.26201906887693743
0.9,0.66,0.038790379539794057,0.13206140559071872,0.025719776906843534,0.23840303427459392
0.9,0.68,0.038827552879075126,0.13204286356033923,0.025720503858075578,0.2383652232626029
0.9,0.7,0.03891119289245753,0.13200991946871035,0.02572268495835375,0.23829715397906695
0.9,0.72,0.0429909668785547,0.12903299513953165,0.0257454874667572,0.2323205028123061
0.9,0.74,0.05491896212036727,0.11981016734415437,0.025798038215115948,0.21382229647319279
0.9,0.76,0.054960782127058475,0.11979050934465557,0.025799013400366666,0.21378200528894448
0.9,0.78,0.055030482138210476,0.1197383649502423,0.0257995010206396,0.213677228879845
0.9,0.8,0.05513270882123341,0.11967044579144202,0.025800720151969075,0.21354017143091497
0.9,0.82,0.05541615553325155,0.11944514467566536,0.025801939398521823,0.2130883499528089
0.9,0.84,0.0675067841344188,0.11726552110071953,0.02630007128957053,0.20823097091186854
0.9,0.86,0.07117765138842422,0.11460916375151528,0.02633559066967645,0.20288273683335412
0.9,0.88,0.07989015278242445,0.1100996708112235,0.02653396444643152,0.19366537717601548
0.9,0.9,0.08377941340470614,0.10708878025783054,0.026567016027793187,0.1876105444878679
0.9,0.92,0.08784060072116279,0.10563661675107482,0.026702661463071098,0.18457057203907853
0.9,0.94,0.0883285007992268,0.10522127418687283,0.026705012325390305,0.18373753604835535
0.9,0.96,0.09238039478086317,0.10378204560516197,0.026843129928614973,0.18072096128170895
0.9,0.98,0.09286829485892718,0.10351175972539182,0.026854219948849106,0.18016929950193455
0.9,1.0,0.15695513177948775,0.059100780172688064,0.028106661175743848,0.09009489916963227
0.92,0.5,0.018786476339169546,0.1438694791024576,0.02540049607429925,0.26233846213061596
0.92,0.52,0.01880506300881008,0.14386261766763042,0.025400969787392765,0.2623242655478681
0.92,0.54,0.018828296345860748,0.14385220658365117,0.02540144351815588,0.26230296964914646
0.92,0.56,0.018865469685141818,0.14382747741347074,0.02540168039016384,0.26225327443677765
0.92,0.58,0.01888405635478235,0.1438132772782428,0.02540168039016384,0.2622248741663218
0.92,0.6,0.018902643024422884,0.14380641367926975,0.025402154147433208,0.2622106732111063
0.92,0.62,0.018930523028883685,0.14378511060628188,0.025402154147433208,0.26216806706513057
0.92,0.64,0.01898163637039515,0.14376806685479046,0.025403575525277677,0.26213255818430325
0.92,0.66,0.03902735957771086,0.1320871506264083,0.025664700672709116,0.23850960058010748
0.92,0.68,0.03906453291699193,0.13206860203352638,0.025665426108258352,0.23847177795879443
0.92,0.7,0.039148172930374335,0.13203564521616507,0.025667602660987884,0.23840368777134227
0.92,0.72,0.043227946916471506,0.12905776880322936,0.02569035762788592,0.2324251799785728
0.92,0.74,0.05515594215828408,0.11983188012234158,0.02574279882059424,0.21392096142408892
0.92,0.76,0.05519776216497528,0.11981221433947167,0.025743771972933125,0.21388065670601022
0.92,0.78,0.05526746217612728,0.11976005183511435,0.025744258576694073,0.21377584509353462
0.92,0.8,0.055369688859150216,0.11969210837118993,0.025745475166580028,0.21363874157579985
0.92,0.82,0.055653135571168355,0.11946672997160959,0.025746691871455576,0.2131867680717636
0.92,0.84,0.0677437641723356,0.11728576269899685,0.026243785887702802,0.2083277395102909
0.92,0.86,0.07141463142634102,0.11462844423894361,0.026279231303542486,0.20297765717434474
0.92,0.88,0.08012713282034126,0.11011711271224908,0.026477192095722243,0.19375703332877592
0.92,0.9,0.08401639344262295,0.10710508850231627,0.026510174885404806,0.18770000211922774
0.92,0.92,0.0880775807590796,0.10565222383154385,0.02664553804618951,0.18465890961689818
0.92,0.94,0.0885654808371436,0.10523672441173804,0.02664788401713917,0.1838255648063369
0.92,0.96,0.09261737481877998,0.10379678960705889,0.026785714285714284,0.1808078649284035
0.92,0.98,0.09310527489684399,0.10352638873714835,0.026796781238318218,0.1802559962359785
0.92,1.0,0.15719211181740456,0.05909481951656604,0.028046620814628723,0.09014301821850336
0.94,0.5,0.06181926322441545,0.15523275108895088,0.02319626168224299,0.2872692404956588
0.94,0.52,0.06183784989405598,0.15522545770410817,0.02319669526533206,0.28725422014288426
0.94,0.54,0.06186108323110665,0.15521440864563674,0.023197128864630455,0.28723168842664304
0.94,0.56,0.061898256570387715,0.15518822727601722,0.02319734567035843,0.287179108881676
0.94,0.58,0.06191684324002825,0.15517320280735694,0.02319734567035843,0.28714905994435547
0.94,0.6,0.061935429909668785,0.1551659069098069,0.023197779293972504,0.2871340345256413
0.94,0.62,0.061963309914129586,0.15514336688138758,0.023197779293972504,0.28708895446880267
0.94,0.64,0.062014423255641056,0.1551252318306487,0.023199080262087918,0.2870513833992095
0.94,0.66,0.08206014646295677,0.1427090944178353,0.023438090201707337,0.26198009863396327
0.94,0.68,0.08209731980223783,0.14268929428931162,0.023438754214159575,0.26193983436446366
0.94,0.7,0.08218095981562024,0.14265404704208248,0.02344074647727702,0.26186734760688796
0.94,0.72,0.0862607338017174,0.13947970325201872,0.023461574818035732,0.2554978316860017
0.94,0.74,0.09818872904352997,0.12961519962218326,0.023509576221418152,0.23572082302294836
0.94,0.76,0.09823054905022117,0.1295940547106626,0.023510466988727857,0.23567764243259734
0.94,0.78,0.09830024906137318,0.12953813122851418,0.02351091239769627,0.2355653500593321
0.94,0.8,0.09840247574439612,0.12946524119248382,0.023512025993956215,0.23541845639101144
0.94,0.82,0.09868592245641426,0.1292236557637952,0.02351313969571231,0.23493417183187804
0.94,0.84,0.1107765510575815,0.12684618048021734,0.023968171195704657,0.22972418976473
0.94,0.86,0.11444741831158693,0.12399035119621954,0.024000618871719497,0.22398008352071958
0.94,0.88,0.12315991970558715,0.11912173488297484,0.024181841210456065,0.2140616285554936
0.94,0.9,0.12704918032786885,0.11587263964695767,0.024212035781525885,0.20753324351238944
0.94,0.92,0.1311103676443255,0.11429378622413264,0.02433595779937052,0.20425161464889474
0.94,0.94,0.1315982677223895,0.1138450040904323,0.024338105510884486,0.2033519026699801
0.94,0.96,0.13565016170402588,0.1122782651692925,0.024464289234529934,0.20009224110405507
0.94,0.98,0.1361380617820899,0.11198513361428233,0.02447442117303672,0.19949584605552795
0.94,1.0,0.20022489870265045,0.06328390388341229,0.025618793996820873,0.10094901377000372
0.96,0.5,0.06418906360358351,0.15561864406297746,0.022611655569686542,0.2886256325562684
0.96,0.52,0.06420765027322405,0.15561132423958032,0.022612078478313726,0.28861057000084694
0.96,0.54,0.06423088361027471,0.15560023818721982,0.022612501402760634,0.28858797497167904
0.96,0.56,0.06426805694955579,0.15557398026283065,0.02261271287091676,0.28853524765474453
0.96,0.58,0.06428664361919631,0.15555891356046633,0.02261271287091676,0.2885051142500159
0.96,0.6,0.06430523028883685,0.15555159120476134,0.022613135819094913,0.28849004659042776
0.96,0.62,0.06433311029329765,0.15552898780068836,0.022613135819094913,0.2884448397822818
0.96,0.64,0.06438422363480911,0.15551078390614373,0.022614404758564573,0.2884071630537229
0.96,0.66,0.08442994684212483,0.14305436044713857,0.022847531937410234,0.2632611889568669
0.96,0.68,0.0844671201814059,0.14303448881403466,0.022848179610503738,0.2632207980175656
0.96,0.7,0.0845507601947883,0.1429991030076564,0.02285012285012285,0.26314808316518995
0.96,0.72,0.08863053418088547,0.13981434508164442,0.02287043868111912,0.25675825148216974
0.96,0.74,0.10055852942269804,0.12991599235831133,0.022917259027580326,0.23691472568904232
0.96,0.76,0.10060034942938924,0.1298947610275759,0.022918127878983185,0.23687139417616862
0.96,0.78,0.10067004944054124,0.12983863576890467,0.022918562329390355,0.236758709208419
0.96,0.8,0.10077227612356418,0.12976547512374936,0.022919648527474194,0.23661130172002454
0.96,0.82,0.10105572283558233,0.12952302798766388,0.022920734828521052,0.23612532114680673
0.96,0.84,0.11314635143674956,0.12713073608810946,0.023364576287564016,0.2308968958886549
0.96,0.86,0.116817218690755,0.12426413179653677,0.02339622641509434,0.2251320371779792
0.96,0.88,0.12552972008475521,0.1193748552729786,0.02357299536924202,0.2151767151767152
0.96,0.9,0.12941898070703692,0.11611289889945656,0.023602448095112596,0.20862334970380053
0.96,0.92,0.13348016802349355,0.11452613783877455,0.023723325974981606,0.2053289497025675
0.96,0.94,0.13396806810155756,0.11407556610495695,0.023725420934887553,0.20442571127502634
0.96,0.96,0.13801996208319392,0.11250084445596331,0.023848505769799782,0.20115318314212685
0.96,0.98,0.13850786216125793,0.11220640380529173,0.023858388917393534,0.20055441869318993
0.96,1.0,0.2025946990818185,0.0632628521407035,0.024974694788159228,0.10155100949324776
0.98,0.5,0.06571781718151741,0.15589699730516382,0.02227336083592924,0.2895206337743984
0.98,0.52,0.06573640385115795,0.15588966054069722,0.022273777561577966,0.2895055435198165
0.98,0.54,0.06575963718820861,0.15587855061940656,0.022274194302820526,0.2894829069359926
0.98,0.56,0.06579681052748969,0.15585224265493686,0.022274402679289762,0.28943008263058395
0.98,0.58,0.06581539719713021,0.15583714823290032,0.022274402679289762,0.2893998937865109
0.98,0.6,0.06583398386677075,0.15582980892321996,0.02227481944392471,0.2893847984025152
0.98,0.62,0.06586186387123155,0.15580716392306282,0.02227481944392471,0.2893395084022009
0.98,0.64,0.06591297721274302,0.15578891607826553,0.022276069831409166,0.2893017623251219
0.98,0.66,0.08595870042005874,0.14330626386734688,0.022505789498558533,0.26410673823613523
0.98,0.68,0.0859958737593398,0.14328634588673153,0.02250642770719903,0.26406626406626404
0.98,0.7,0.0860795137727222,0.14325087094512462,0.02250834255031527,0.263993399339934
0.98,0.72,0.09015928775881937,0.14005928928353625,0.022528361513497148,0.2575902170535754
0.98,0.74,0.10208728300063194,0.13013872724914305,0.022574497738757787,0.2377029567595283
0.98,0.76,0.10212910300732314,0.13011743993770136,0.022575353895457433,0.2376595259799453
0.98,0.78,0.10219880301847514,0.13006118239365788,0.02257578199816056,0.2375465827891552
0.98,0.8,0.10230102970149808,0.1299878448339003,0.02257685232595627,0.2373988373418443
0.98,0.82,0.10258447641351623,0.12974483198920692,0.022577922755246213,0.23691174122316763
0.98,0.84,0.11467510501468346,0.127343233047788,0.023015282302108205,0.23167118379346777
0.98,0.86,0.1183459722686889,0.1244695708107081,0.023046470434504855,0.22589267118691134
0.98,0.88,0.12705847366268913,0.11956687296936759,0.02322065965788293,0.21591308628085226
0.98,0.9,0.1309477342849708,0.1162964794109987,0.02324968264817889,0.2093432761738185
0.98,0.92,0.13500892160142747,0.11470463234154589,0.023368797110552765,0.20604046757253902
0.98,0.94,0.13549682167949148,0.11425288433163745,0.023370861512186026,0.20513490715108887
0.98,0.96,0.13954871566112784,0.11267302882003274,0.02349215119434057,0.20185390644572493
0.98,0.98,0.14003661573919185,0.11237773594055853,0.023501890219225947,0.2012535816618911
0.98,1.0,0.20412345265975243,0.06327549097122041,0.02460193633047809,0.10194904561196273
1.0,0.5,0.16429221962008847,0.19055611982856813,0.012658467002966238,0.36845377265417
1.0,0.52,0.164310806289729,0.1905477039639466,0.012658706166868199,0.368436701761025
1.0,0.54,0.16433403962677967,0.19053501951533822,0.012658945339807659,0.3684110936908688
1.0,0.56,0.16437121296606075,0.19050519919007358,0.012659064929666614,0.36835133345048054
1.0,0.58,0.16438979963570127,0.19048812229680812,0.012659064929666614,0.3683171796639496
1.0,0.6,0.1644083863053418,0.19047970275088327,0.012659304116163285,0.36830010138560326
1.0,0.62,0.1644362663098026,0.1904540825627525,0.012659304116163285,0.36824886100934173
1.0,0.64,0.16448737965131408,0.19043308803762263,0.012660021729888045,0.3682061543453572
1.0,0.66,0.18453310285862978,0.17610657171633978,0.012791874295969605,0.33942126913670995
1.0,0.68,0.18457027619791086,0.17608340826733776,0.012792240646867334,0.33937457588780817
1.0,0.7,0.18465391621129326,0.1760419256142381,0.012793339825475931,0.33929051140300026
1.0,0.72,0.18873369019739042,0.17234468299223368,0.012804831434905588,0.3318845345495618
1.0,0.74,0.200661685439203,0.16073865484020664,0.01283131607170216,0.3086459936087111
1.0,0.76,0.20070350544589421,0.16071332784143535,0.012831807561190485,0.3085948481216802
1.0,0.78,0.20077320545704622,0.16064694387670816,0.012832053320054392,0.30846183443336195
1.0,0.8,0.20087543214006914,0.16056024198642851,0.012832667758401087,0.30828781621445595
1.0,0.82,0.20115887885208728,0.16027362102439063,0.012833282255593012,0.3077139597931883
1.0,0.84,0.21324950745325452,0.15730524709114874,0.013084404171386167,0.3015260900109113
1.0,0.86,0.21692037470725994,0.15388788207186668,0.013102315394242803,0.2946734487494906
1.0,0.88,0.22563287610126018,0.1479837720760366,0.013202360660906234,0.28276518349116697
1.0,0.9,0.22952213672354188,0.14404667046865915,0.013219031459321883,0.2748743094779964
1.0,0.92,0.2335833240399985,0.1420896491148605,0.013287455253998631,0.2708918429757224
1.0,0.94,0.23407122411806253,0.14154337678443904,0.013288641186854163,0.2697981123820239
1.0,0.96,0.23812311809969888,0.13959353650859121,0.01335832203525002,0.2658287509819324
1.0,0.98,0.2386110181777629,0.1392326373093056,0.013363917422958014,0.2651013571956532
1.0,1.0,0.3026978550983235,0.076901479319037,0.013996239816168791,0.1398067188219052
